group_name,application_name,environment,criticality,owner,vm_count,included_tiers,migration_waves,target_hints,all_members,portal_path,checklist_note
grp-prod-tier2-call-center,call-center,prod,tier-2,customer-ops,10,app; db; web,wave-2; wave-3,Azure App Service candidate; Azure SQL Managed Instance candidate; Azure VMware Solution,vm-prod-call-center-web-01; vm-prod-call-center-web-02; vm-prod-call-center-web-03; vm-prod-call-center-web-04; vm-prod-call-center-app-01; vm-prod-call-center-app-02; vm-prod-call-center-app-03; vm-prod-call-center-app-04; vm-prod-call-center-db-01; vm-prod-call-center-db-02,"Discovery and assessment > Servers, databases and web apps > Groups","Create one assessment group per application, verify tier completeness, then run sizing and readiness assessments."
grp-prod-tier1-citrix-vdi,citrix-vdi,prod,tier-1,end-user-compute,31,contro; db; licens; storef; worker,wave-2; wave-3,Azure SQL Managed Instance candidate; Azure VMware Solution,vm-prod-citrix-vdi-contro-01; vm-prod-citrix-vdi-contro-02; vm-prod-citrix-vdi-storef-01; vm-prod-citrix-vdi-storef-02; vm-prod-citrix-vdi-licens-01; vm-prod-citrix-vdi-worker-01; vm-prod-citrix-vdi-worker-02; vm-prod-citrix-vdi-worker-03; vm-prod-citrix-vdi-worker-04; vm-prod-citrix-vdi-worker-05; vm-prod-citrix-vdi-worker-06; vm-prod-citrix-vdi-worker-07; vm-prod-citrix-vdi-worker-08; vm-prod-citrix-vdi-worker-09; vm-prod-citrix-vdi-worker-10; vm-prod-citrix-vdi-worker-11; vm-prod-citrix-vdi-worker-12; vm-prod-citrix-vdi-worker-13; vm-prod-citrix-vdi-worker-14; vm-prod-citrix-vdi-worker-15; vm-prod-citrix-vdi-worker-16; vm-prod-citrix-vdi-worker-17; vm-prod-citrix-vdi-worker-18; vm-prod-citrix-vdi-worker-19; vm-prod-citrix-vdi-worker-20; vm-prod-citrix-vdi-worker-21; vm-prod-citrix-vdi-worker-22; vm-prod-citrix-vdi-worker-23; vm-prod-citrix-vdi-worker-24; vm-prod-citrix-vdi-db-01; vm-prod-citrix-vdi-db-02,"Discovery and assessment > Servers, databases and web apps > Groups","Create one assessment group per application, verify tier completeness, then run sizing and readiness assessments."
grp-prod-tier2-claims-core,claims-core,prod,tier-2,claims-it,10,api; db; web,wave-2; wave-3,Azure Database for PostgreSQL candidate; Azure VMware Solution; Azure Virtual Machines,vm-prod-claims-core-web-01; vm-prod-claims-core-web-02; vm-prod-claims-core-web-03; vm-prod-claims-core-web-04; vm-prod-claims-core-api-01; vm-prod-claims-core-api-02; vm-prod-claims-core-api-03; vm-prod-claims-core-api-04; vm-prod-claims-core-db-01; vm-prod-claims-core-db-02,"Discovery and assessment > Servers, databases and web apps > Groups","Create one assessment group per application, verify tier completeness, then run sizing and readiness assessments."
grp-prod-tier1-commerce-java,commerce-java,prod,tier-1,digital-commerce,14,app; db; web,wave-2; wave-3,Azure SQL Managed Instance candidate; Azure VMware Solution,vm-prod-commerce-java-web-01; vm-prod-commerce-java-web-02; vm-prod-commerce-java-web-03; vm-prod-commerce-java-web-04; vm-prod-commerce-java-web-05; vm-prod-commerce-java-web-06; vm-prod-commerce-java-app-01; vm-prod-commerce-java-app-02; vm-prod-commerce-java-app-03; vm-prod-commerce-java-app-04; vm-prod-commerce-java-app-05; vm-prod-commerce-java-app-06; vm-prod-commerce-java-db-01; vm-prod-commerce-java-db-02,"Discovery and assessment > Servers, databases and web apps > Groups","Create one assessment group per application, verify tier completeness, then run sizing and readiness assessments."
grp-prod-tier2-data-warehouse,data-warehouse,prod,tier-2,data-platform,10,db; etl; report,wave-3,Azure SQL Managed Instance candidate; Azure Virtual Machines,vm-prod-data-warehouse-etl-01; vm-prod-data-warehouse-etl-02; vm-prod-data-warehouse-etl-03; vm-prod-data-warehouse-etl-04; vm-prod-data-warehouse-report-01; vm-prod-data-warehouse-report-02; vm-prod-data-warehouse-report-03; vm-prod-data-warehouse-report-04; vm-prod-data-warehouse-db-01; vm-prod-data-warehouse-db-02,"Discovery and assessment > Servers, databases and web apps > Groups","Create one assessment group per application, verify tier completeness, then run sizing and readiness assessments."
grp-dev-tier3-devops-shared,devops-shared,dev,tier-3,platform-engineering,4,artifa; ci,wave-1,Azure Virtual Machines,vm-dev-devops-shared-ci-01; vm-dev-devops-shared-ci-02; vm-dev-devops-shared-artifa-01; vm-dev-devops-shared-artifa-02,"Discovery and assessment > Servers, databases and web apps > Groups","Create one assessment group per application, verify tier completeness, then run sizing and readiness assessments."
grp-prod-tier1-ehr-core,ehr-core,prod,tier-1,clinical-platform,16,app; db; web,wave-2; wave-3,Azure SQL Managed Instance candidate; Azure VMware Solution; Azure Virtual Machines,vm-prod-ehr-core-web-01; vm-prod-ehr-core-web-02; vm-prod-ehr-core-web-03; vm-prod-ehr-core-web-04; vm-prod-ehr-core-app-01; vm-prod-ehr-core-app-02; vm-prod-ehr-core-app-03; vm-prod-ehr-core-app-04; vm-prod-ehr-core-app-05; vm-prod-ehr-core-app-06; vm-prod-ehr-core-app-07; vm-prod-ehr-core-app-08; vm-prod-ehr-core-db-01; vm-prod-ehr-core-db-02; vm-prod-ehr-core-db-03; vm-prod-ehr-core-db-04,"Discovery and assessment > Servers, databases and web apps > Groups","Create one assessment group per application, verify tier completeness, then run sizing and readiness assessments."
grp-prod-tier1-identity-services,identity-services,prod,tier-1,security-engineering,6,db; idm,wave-3,Azure SQL Managed Instance candidate; Azure Virtual Machines,vm-prod-identity-services-idm-01; vm-prod-identity-services-idm-02; vm-prod-identity-services-idm-03; vm-prod-identity-services-idm-04; vm-prod-identity-services-db-01; vm-prod-identity-services-db-02,"Discovery and assessment > Servers, databases and web apps > Groups","Create one assessment group per application, verify tier completeness, then run sizing and readiness assessments."
grp-prod-tier2-integration-bus,integration-bus,prod,tier-2,integration-platform,8,api; broker,wave-2; wave-3,Azure Virtual Machines,vm-prod-integration-bus-broker-01; vm-prod-integration-bus-broker-02; vm-prod-integration-bus-broker-03; vm-prod-integration-bus-broker-04; vm-prod-integration-bus-api-01; vm-prod-integration-bus-api-02; vm-prod-integration-bus-api-03; vm-prod-integration-bus-api-04,"Discovery and assessment > Servers, databases and web apps > Groups","Create one assessment group per application, verify tier completeness, then run sizing and readiness assessments."
grp-prod-tier2-lab-systems,lab-systems,prod,tier-2,lab-it,6,app; db,wave-3,Azure SQL Managed Instance candidate; Azure Virtual Machines,vm-prod-lab-systems-app-01; vm-prod-lab-systems-app-02; vm-prod-lab-systems-app-03; vm-prod-lab-systems-app-04; vm-prod-lab-systems-db-01; vm-prod-lab-systems-db-02,"Discovery and assessment > Servers, databases and web apps > Groups","Create one assessment group per application, verify tier completeness, then run sizing and readiness assessments."
grp-prod-tier1-member-dotnet,member-dotnet,prod,tier-1,member-platform,12,app; db; web,wave-2; wave-3,Azure App Service candidate; Azure SQL Managed Instance candidate; Azure VMware Solution,vm-prod-member-dotnet-web-01; vm-prod-member-dotnet-web-02; vm-prod-member-dotnet-web-03; vm-prod-member-dotnet-web-04; vm-prod-member-dotnet-web-05; vm-prod-member-dotnet-app-01; vm-prod-member-dotnet-app-02; vm-prod-member-dotnet-app-03; vm-prod-member-dotnet-app-04; vm-prod-member-dotnet-app-05; vm-prod-member-dotnet-db-01; vm-prod-member-dotnet-db-02,"Discovery and assessment > Servers, databases and web apps > Groups","Create one assessment group per application, verify tier completeness, then run sizing and readiness assessments."
grp-prod-tier1-pacs-imaging,pacs-imaging,prod,tier-1,imaging-services,8,app; db; web,wave-2; wave-3,Azure SQL Managed Instance candidate; Azure VMware Solution; Azure Virtual Machines,vm-prod-pacs-imaging-web-01; vm-prod-pacs-imaging-web-02; vm-prod-pacs-imaging-app-01; vm-prod-pacs-imaging-app-02; vm-prod-pacs-imaging-app-03; vm-prod-pacs-imaging-app-04; vm-prod-pacs-imaging-db-01; vm-prod-pacs-imaging-db-02,"Discovery and assessment > Servers, databases and web apps > Groups","Create one assessment group per application, verify tier completeness, then run sizing and readiness assessments."
grp-prod-tier1-payments-sqlao,payments-sqlao,prod,tier-1,payments,11,api; app; dbprim; dbseco; witnes,wave-2; wave-3,Azure VMware Solution; Azure Virtual Machines,vm-prod-payments-sqlao-api-01; vm-prod-payments-sqlao-api-02; vm-prod-payments-sqlao-api-03; vm-prod-payments-sqlao-api-04; vm-prod-payments-sqlao-app-01; vm-prod-payments-sqlao-app-02; vm-prod-payments-sqlao-app-03; vm-prod-payments-sqlao-app-04; vm-prod-payments-sqlao-dbprim-01; vm-prod-payments-sqlao-dbseco-01; vm-prod-payments-sqlao-witnes-01,"Discovery and assessment > Servers, databases and web apps > Groups","Create one assessment group per application, verify tier completeness, then run sizing and readiness assessments."
grp-prod-tier2-pharmacy,pharmacy,prod,tier-2,pharmacy-it,6,app; db,wave-3,Azure SQL Managed Instance candidate; Azure Virtual Machines,vm-prod-pharmacy-app-01; vm-prod-pharmacy-app-02; vm-prod-pharmacy-app-03; vm-prod-pharmacy-app-04; vm-prod-pharmacy-db-01; vm-prod-pharmacy-db-02,"Discovery and assessment > Servers, databases and web apps > Groups","Create one assessment group per application, verify tier completeness, then run sizing and readiness assessments."
grp-prod-tier2-provider-portal,provider-portal,prod,tier-2,provider-digital,10,app; db; web,wave-2; wave-3,Azure App Service candidate; Azure SQL Managed Instance candidate; Azure VMware Solution,vm-prod-provider-portal-web-01; vm-prod-provider-portal-web-02; vm-prod-provider-portal-web-03; vm-prod-provider-portal-web-04; vm-prod-provider-portal-app-01; vm-prod-provider-portal-app-02; vm-prod-provider-portal-app-03; vm-prod-provider-portal-app-04; vm-prod-provider-portal-db-01; vm-prod-provider-portal-db-02,"Discovery and assessment > Servers, databases and web apps > Groups","Create one assessment group per application, verify tier completeness, then run sizing and readiness assessments."
grp-prod-tier2-research-genomics,research-genomics,prod,tier-2,research-platform,14,comput; db; etl,wave-3,Azure Database for PostgreSQL candidate; Azure Virtual Machines,vm-prod-research-genomics-etl-01; vm-prod-research-genomics-etl-02; vm-prod-research-genomics-etl-03; vm-prod-research-genomics-etl-04; vm-prod-research-genomics-comput-01; vm-prod-research-genomics-comput-02; vm-prod-research-genomics-comput-03; vm-prod-research-genomics-comput-04; vm-prod-research-genomics-comput-05; vm-prod-research-genomics-comput-06; vm-prod-research-genomics-comput-07; vm-prod-research-genomics-comput-08; vm-prod-research-genomics-db-01; vm-prod-research-genomics-db-02,"Discovery and assessment > Servers, databases and web apps > Groups","Create one assessment group per application, verify tier completeness, then run sizing and readiness assessments."
grp-prod-tier1-sap-bw,sap-bw,prod,tier-1,data-warehouse,10,batch; db; sapapp,wave-3,Azure VMware Solution,vm-prod-sap-bw-sapapp-01; vm-prod-sap-bw-sapapp-02; vm-prod-sap-bw-sapapp-03; vm-prod-sap-bw-sapapp-04; vm-prod-sap-bw-batch-01; vm-prod-sap-bw-batch-02; vm-prod-sap-bw-batch-03; vm-prod-sap-bw-batch-04; vm-prod-sap-bw-db-01; vm-prod-sap-bw-db-02,"Discovery and assessment > Servers, databases and web apps > Groups","Create one assessment group per application, verify tier completeness, then run sizing and readiness assessments."
grp-prod-tier1-sap-s4hana,sap-s4hana,prod,tier-1,erp-platform,14,batch; db; sapapp; sapweb,wave-3,Azure VMware Solution,vm-prod-sap-s4hana-sapweb-01; vm-prod-sap-s4hana-sapweb-02; vm-prod-sap-s4hana-sapapp-01; vm-prod-sap-s4hana-sapapp-02; vm-prod-sap-s4hana-sapapp-03; vm-prod-sap-s4hana-sapapp-04; vm-prod-sap-s4hana-sapapp-05; vm-prod-sap-s4hana-sapapp-06; vm-prod-sap-s4hana-batch-01; vm-prod-sap-s4hana-batch-02; vm-prod-sap-s4hana-batch-03; vm-prod-sap-s4hana-batch-04; vm-prod-sap-s4hana-db-01; vm-prod-sap-s4hana-db-02,"Discovery and assessment > Servers, databases and web apps > Groups","Create one assessment group per application, verify tier completeness, then run sizing and readiness assessments."
